{
  "params": {
    "dataset": "h-and-m-2048-angular-filters",
    "experiment": "redis-m-16-ef-128",
    "engine": "redis",
    "parallel": 100,
    "search_params": {
      "ef": 256
    }
  },
  "results": {
    "total_time": 24.00114889500037,
    "mean_time": 0.229790271127304,
    "mean_precisions": 0.7133228877983191,
    "std_time": 0.09054100089396129,
    "min_time": 0.01141404100053478,
    "max_time": 1.0531268419981643,
    "rps": 416.6467215276965,
    "p50_time": 0.23927423799796088,
    "p95_time": 0.36103718594840756,
    "p99_time": 0.44043694281030216
  }
}