{
  "params": {
    "dataset": "h-and-m-2048-angular-filters",
    "experiment": "redis-m-16-ef-128",
    "engine": "redis",
    "parallel": 100,
    "search_params": {
      "ef": 64
    }
  },
  "results": {
    "total_time": 7.408122496999567,
    "mean_time": 0.06637521258391134,
    "mean_precisions": 0.1676983745594193,
    "std_time": 0.02646307407896816,
    "min_time": 0.00552085200251895,
    "max_time": 0.2751269379987207,
    "rps": 1349.8696875018188,
    "p50_time": 0.06937984599971969,
    "p95_time": 0.10610939884936667,
    "p99_time": 0.13174295128184904
  }
}