{
  "params": {
    "dataset": "h-and-m-2048-angular-filters",
    "experiment": "redis-m-16-ef-128",
    "engine": "redis",
    "parallel": 100,
    "search_params": {
      "ef": 128
    }
  },
  "results": {
    "total_time": 16.825015656999312,
    "mean_time": 0.15910472870520243,
    "mean_precisions": 0.4658507689170434,
    "std_time": 0.07418713745219148,
    "min_time": 0.011996837998594856,
    "max_time": 0.872673185000167,
    "rps": 594.3530873232761,
    "p50_time": 0.1599742900016281,
    "p95_time": 0.24928051430124468,
    "p99_time": 0.3459659699513579
  }
}