{
  "params": {
    "dataset": "h-and-m-2048-angular-filters",
    "experiment": "redis-m-16-ef-128",
    "engine": "redis",
    "parallel": 100,
    "search_params": {
      "ef": 128
    }
  },
  "results": {
    "total_time": 22.70130924499972,
    "mean_time": 0.2190534339211954,
    "mean_precisions": 0.9983265714285713,
    "std_time": 0.1490369172445706,
    "min_time": 0.0021469280000019353,
    "max_time": 2.0679320500021277,
    "rps": 440.5032279009476,
    "p50_time": 0.17372177450124582,
    "p95_time": 0.5360461353475329,
    "p99_time": 0.8549533719594548
  }
}