{
  "params": {
    "dataset": "h-and-m-2048-angular-filters",
    "experiment": "redis-m-16-ef-128",
    "engine": "redis",
    "parallel": 100,
    "search_params": {
      "ef": 64
    }
  },
  "results": {
    "total_time": 30.086992728996847,
    "mean_time": 0.27890288809768754,
    "mean_precisions": 0.5458011636729172,
    "std_time": 0.11229839475344028,
    "min_time": 0.06197376999989501,
    "max_time": 0.851698550999572,
    "rps": 332.3695422162392,
    "p50_time": 0.2609573720001208,
    "p95_time": 0.5043950375482381,
    "p99_time": 0.5766663331408199
  }
}